<?xml version="1.0"?>
<data grt_format="2.0">
  <value _ptr_="0x55e2ef2d4270" type="list" content-type="object" content-struct-name="db.mgmt.Connection">
    <value type="object" struct-name="db.mgmt.Connection" id="16702636-259b-11eb-ac21-15a97dfd6516" struct-checksum="0x96ba47d8">
      <link type="object" struct-name="db.mgmt.Driver" key="driver">com.mysql.rdbms.mysql.driver.native</link>
      <value type="string" key="hostIdentifier">Mysql@localhost:3306</value>
      <value type="int" key="isDefault">0</value>
      <value _ptr_="0x55e2ef72e620" type="dict" key="modules"/>
      <value _ptr_="0x55e2ef743ea0" type="dict" key="parameterValues">
        <value type="string" key="DbSqlEditor:LastDefaultSchema">computer_parts</value>
        <value type="string" key="hostName">localhost</value>
        <value type="int" key="lastConnected">1605366573</value>
        <value type="int" key="port">3306</value>
        <value type="string" key="serverVersion">8.0.22-0ubuntu0.20.04.2</value>
        <value type="string" key="userName">root</value>
      </value>
      <value type="string" key="name">Local instance 3306</value>
      <link type="object" struct-name="GrtObject" key="owner">6571c60a-268b-11eb-84c7-af8b03501b48</link>
    </value>
  </value>
</data>
