<?xml version="1.0"?>
<data grt_format="2.0">
  <value _ptr_="0x55e2eefb35b0" type="list" content-type="object" content-struct-name="db.mgmt.ServerInstance">
    <value type="object" struct-name="db.mgmt.ServerInstance" id="16702635-259b-11eb-ac21-15a97dfd6516" struct-checksum="0x367436e2">
      <link type="object" struct-name="db.mgmt.Connection" key="connection">16702636-259b-11eb-ac21-15a97dfd6516</link>
      <value _ptr_="0x55e2ef516e50" type="dict" key="loginInfo"/>
      <value _ptr_="0x55e2ef516ed0" type="dict" key="serverInfo">
        <value type="string" key="basedir">/usr/</value>
        <value type="string" key="datadir">/var/lib/mysql/</value>
        <value type="string" key="errorLogFilePath">/var/log/mysql/error.log</value>
        <value type="string" key="generalLogFilePath">/var/lib/mysql/phuc-XPS-15-9570.log</value>
        <value type="string" key="serverVersion">8.0.22-0ubuntu0.20.04.2</value>
        <value type="int" key="setupPending">1</value>
        <value type="string" key="slowLogFilePath">/var/lib/mysql/phuc-XPS-15-9570-slow.log</value>
        <value type="string" key="sys.config.path"></value>
        <value type="string" key="sys.config.section">mysqld</value>
        <value type="string" key="sys.preset">Custom</value>
        <value type="string" key="sys.system">Linux</value>
        <value type="int" key="sys.usesudo">0</value>
        <value type="int" key="sys.usesudostatus">0</value>
      </value>
      <value type="string" key="name">Local 3306</value>
    </value>
  </value>
</data>
